<?xml version="1.0" encoding="UTF-8"?>

<Patient xmlns="http://hl7.org/fhir">
  <id value="EveAnyperson"/>
  <meta>
    <profile value="https://fake-acme.org/fhir/ACME-FSH-IG-Example/StructureDefinition/MyPatient"/>
  </meta>
  <text>
    <status value="generated"/><div xmlns="http://www.w3.org/1999/xhtml"><p class="res-header-id"><b>Generated Narrative: Patient EveAnyperson</b></p><a name="EveAnyperson"> </a><a name="hcEveAnyperson"> </a><a name="EveAnyperson-en-US"> </a><div style="display: inline-block; background-color: #d9e0e7; padding: 6px; margin: 4px; border: 1px solid #8da1b4; border-radius: 5px; line-height: 60%"><p style="margin-bottom: 0px"/><p style="margin-bottom: 0px">Profile: <a href="StructureDefinition-MyPatient.html">MyPatient</a></p></div><p style="border: 1px #661aff solid; background-color: #e6e6ff; padding: 10px;">Eve Anyperson  Female, DoB Unknown ( https://fake-acme.org/fhir/NamingSystem/Patient-Identifier#1032702 (use: usual, ))</p><hr/></div>
  </text>
  <identifier>
    <use value="usual"/>
    <system value="https://fake-acme.org/fhir/NamingSystem/Patient-Identifier"/>
    <value value="1032702"/>
  </identifier>
  <name>
    <family value="Anyperson"/>
    <given value="Eve"/>
  </name>
  <gender value="female"/>
</Patient>